ina-tatoeba-org	725649
grammatica-exemplos	25099
poemas-e-pensatas-2011-2019	287697
a-hora-de-diabolo	17435
actualitates	7914
alice-in-le-pais-de-meravilias	85984
bakonyi	243960
belfagor-archidiabolo	12777
conversation-interlingua-oo	118250
crusoe-de-novo	104565
dece-contos	18040
dece-un-contos	27485
ed-mort-le-trappa	4179
evo-hadean	4949
ex-facebook	15602
facile-a-leger-in-interlingua	5833
gladiator	70159
grande-scriptores-german	34619
hasek-le-boteca-del-feretros	5875
hasek-un-scena-reclamo	4988
herlock-sholmes-arriva-troppo-tarde	14180
hislatec	16467
historia-de-interlingua	13258
horror-altissime	23451
in-le-tracias-del-huracan	1696
instrumento-moderne	32431
interlingua-roma-blog	761691
interlinguamultilingua-blog	525145
le-aventura-de-walter-schnaffs	10566
le-aventuras-del-baron-munchhausen	26098
le-banda-maculate	35254
le-barril-de-amontillado	5064
le-battalia-de-mag-tured	19568
le-charpa-de-seta-rubie	15008
le-convitato-de-dracula	16176
le-facie-jalne	25685
le-fiasco-de-los-amigos	6973
le-figuras-dansante	34584
le-grande-experimento-de-keinplatz	17826
le-homicidios-in-le-rue-morgue	23725
le-liga-a-capillos-rubie	33292
le-maestro-e-margarita	17126
le-ordine	4554
le-parve-prince	48839
le-propheta	42006
le-repasto-del-bustos	14173
le-sex-beneficios-de-interlingua	4322
le-testamento	5989
le-vindicator	6282
lectiones	21073
lege-interlingua-e-apprende-su-structura	167649
linguas-philosophic	98901
litteras-de-mi-molino	15940
mini-anthologia-1	27862
mini-anthologia-2	32312
mini-anthologia-3	39400
minihistoria-capitalismo-socialismo	56246
minihistoria-del-philosophia	21248
minihistoria-monetari	45309
mozilla-common-voice-phrases	111154
multiplication	71260
notas-sur-le-historia-de-roma	3578
olympe	18812
rapunzel	2976
scriptores-scandinave-1	14867
scriptores-scandinave-2	19199
selectiones-ex-thesauro	290162
sex-breve-contos	11832
tjorn	6630
tres-contos-favorite	20729
uglossia-blogspot-com	19489
un-cavallero-in-le-celo	4816
un-reliquia-del-era-pliocen	17242
un-scandalo-in-bohemia	30593
un-visita-al-mercato-in-francia	2137
panoramas-2018-2021	640813
