ina-tatoeba-org	931852
grammatica-exemplos	30630
poemas-e-pensatas-2011-2019	364200
a-hora-de-diabolo	22874
actualitates	9709
alice-in-le-pais-de-meravilias	110428
bakonyi	300345
belfagor-archidiabolo	16027
conversation-interlingua-oo	152520
crusoe-de-novo	135383
dece-contos	22800
dece-un-contos	35378
ed-mort-le-trappa	5350
evo-hadean	6132
ex-facebook	20063
facile-a-leger-in-interlingua	7335
gladiator	90209
grande-scriptores-german	44343
hasek-le-boteca-del-feretros	7409
hasek-un-scena-reclamo	6393
herlock-sholmes-arriva-troppo-tarde	18184
hislatec	20376
historia-de-interlingua	16305
horror-altissime	29618
in-le-tracias-del-huracan	2162
instrumento-moderne	40950
interlingua-roma-blog	965578
interlinguamultilingua-blog	652814
le-aventura-de-walter-schnaffs	13285
le-aventuras-del-baron-munchhausen	33436
le-banda-maculate	45009
le-barril-de-amontillado	6476
le-battalia-de-mag-tured	25190
le-charpa-de-seta-rubie	19277
le-convitato-de-dracula	20694
le-facie-jalne	33165
le-fiasco-de-los-amigos	8822
le-figuras-dansante	44232
le-grande-experimento-de-keinplatz	22691
le-homicidios-in-le-rue-morgue	30339
le-liga-a-capillos-rubie	42585
le-maestro-e-margarita	21587
le-ordine	5725
le-parve-prince	63201
le-propheta	54853
le-repasto-del-bustos	18149
le-sex-beneficios-de-interlingua	5370
le-testamento	7649
le-vindicator	7957
lectiones	26648
lege-interlingua-e-apprende-su-structura	207278
linguas-philosophic	122920
litteras-de-mi-molino	20738
mini-anthologia-1	35773
mini-anthologia-2	41445
mini-anthologia-3	50688
minihistoria-capitalismo-socialismo	68991
minihistoria-del-philosophia	26546
minihistoria-monetari	56596
mozilla-common-voice-phrases	142891
multiplication	90068
notas-sur-le-historia-de-roma	4577
olympe	24080
rapunzel	3760
scriptores-scandinave-1	19000
scriptores-scandinave-2	24680
selectiones-ex-thesauro	346701
sex-breve-contos	15152
tjorn	8450
tres-contos-favorite	27082
uglossia-blogspot-com	24334
un-cavallero-in-le-celo	6107
un-reliquia-del-era-pliocen	22048
un-scandalo-in-bohemia	38981
un-visita-al-mercato-in-francia	2768
panoramas-2018-2021	801103
