panorama-2012-5	9543
panorama-2014-6	7995
panorama-2018-5	9638
panorama-2018-6	10428
panorama-2019-1	9798
panorama-2019-2	8331
panorama-2019-3	8940
panorama-2019-4	8219
panorama-2019-5	8801
panorama-2019-6	8614
panorama-2020-1	10895
panorama-2020-2	10040
panorama-2020-3	9138
panorama-2020-4	10395
panorama-2020-5	10058
grammatica-exemplos	5527
ia-mozilla-translations	234080
ina-tatoeba-org	206123
interlingua-roma-blog	203548
a-hora-de-diabolo	5439
bakonyi	56385
belfagor-archidiabolo	3250
conversation-interlingua-oo	34270
dece-contos	4756
evo-hadean	1183
ed-mort-le-trappa	1171
gladiator	20050
grande-scriptores-german	9724
hasek-le-boteca-del-feretros	1534
hasek-un-scena-reclamo	1405
herlock-sholmes-arriva-troppo-tarde	4004
hislatec	3909
historia-de-interlingua	3044
horror-altissime	6167
in-le-tracias-del-huracan	466
instrumento-moderne	8518
le-aventura-de-walter-schnaffs	2719
le-aventuras-del-baron-munchhausen	7338
le-banda-maculate	9755
le-barril-de-amontillado	1412
le-battalia-de-mag-tured	5622
le-charpa-de-seta-rubie	4269
le-convitato-de-dracula	4507
le-evangelio-secundo-mattheo	21578
le-evangelio-secundo-marco	13621
le-evangelio-secundo-lucas	22643
le-evangelio-secundo-johannes	17670
le-facie-jalne	7480
le-figuras-dansante	9648
lectiones	5575
lege-interlingua-e-apprende-su-structura	39629
le-liga-a-capillos-rubie	9293
le-maestro-e-margarita	4461
le-oration-de-gettysburg	426
le-ordine	1171
le-parve-prince	14329
le-propheta	12845
le-sex-beneficios-de-interlingua	1048
le-testamento	1660
le-vindicator	1673
linguas-philosophic	23969
ex-facebook	4453
minihistoria-monetari	11248
rapunzel	783
sex-breve-contos	3320
scriptores-scandinave-1	4132
scriptores-scandinave-2	5478
tres-contos-favorite	6353
tjorn	1746
un-cavallero-in-le-celo	1291
un-reliquia-del-era-pliocen	4806
un-scandalo-in-bohemia	8388
un-visita-al-mercato-in-francia	631
facile-a-leger-in-interlingua	1493
alice-in-le-pais-de-meravilias	24445
dece-un-contos	7835
actualitates	1788
litteras-de-mi-molino	4798
mini-anthologia-1	7908
mini-anthologia-2	9125
mini-anthologia-3	11284
minihistoria-del-philosophia	5297
minihistoria-capitalismo-socialismo	12738
mozilla-common-voice-phrases	31737
multiplication-105ch	18808
notas-sur-le-historia-de-roma	999
poemas-e-pensatas-2011-12	13108
poemas-e-pensatas-2013	13517
poemas-e-pensatas-2014	10551
poemas-e-pensatas-2015	7812
poemas-e-pensatas-2016-17	9259
poemas-e-pensatas-2018-19	22220
uglossia-blogspot-com	4820
